create table Movie(
MovieID integer primary key,
Title char(50),
Year integer);

create table MovieStar(
StarID integer primary key,
Name char(30),
Gender char(10));

create table StarsIn(
MovieID integer,
StarID integer,
Character char(64)
);


Insert into Movie values (0, 'The Last Command', 1927);
Insert into MovieStar values (1000, 'Emil Jannings', 'male');
Insert into StarsIn values (0, 1000, 'General Dolgorucki [Grand Duke Sergius Alexander]');
Insert into Movie values (1, '7th Heaven', 1927);
Insert into MovieStar values (1001, 'Janet Gaynor', 'female');
Insert into StarsIn values (1, 1001, 'Diane');
Insert into Movie values (2, 'In Old Arizona', 1928);
Insert into MovieStar values (1002, 'Warner Baxter', 'male');
Insert into StarsIn values (2, 1002, 'The Cisco Kid');
Insert into Movie values (3, 'Coquette', 1928);
Insert into MovieStar values (1003, 'Mary Pickford', 'female');
Insert into StarsIn values (3, 1003, 'Norma Besant');
Insert into Movie values (4, 'Disraeli', 1929);
Insert into MovieStar values (1004, 'George Arliss', 'male');
Insert into StarsIn values (4, 1004, 'Benjamin Disraeli');
Insert into Movie values (5, 'The Divorcee', 1929);
Insert into MovieStar values (1005, 'Norma Shearer', 'female');
Insert into StarsIn values (5, 1005, 'Jerry');
Insert into Movie values (6, 'A Free Soul', 1930);
Insert into MovieStar values (1006, 'Lionel Barrymore', 'male');
Insert into StarsIn values (6, 1006, 'Stephen Ashe');
Insert into Movie values (7, 'Min and Bill', 1930);
Insert into MovieStar values (1007, 'Marie Dressler', 'female');
Insert into StarsIn values (7, 1007, 'Min');
Insert into Movie values (8, 'The Champ', 1931);
Insert into MovieStar values (1008, 'Wallace Beery', 'male');
Insert into StarsIn values (8, 1008, 'Champ');
Insert into Movie values (9, 'The Sin of Madelon Claudet', 1931);
Insert into MovieStar values (1009, 'Helen Hayes', 'female');
Insert into StarsIn values (9, 1009, 'Madelon');
Insert into Movie values (10, 'The Private Life of Henry VIII', 1932);
Insert into MovieStar values (1010, 'Charles Laughton', 'male');
Insert into StarsIn values (10, 1010, 'Henry VIII');
Insert into Movie values (11, 'Morning Glory', 1932);
Insert into MovieStar values (1011, 'Katharine Hepburn', 'female');
Insert into StarsIn values (11, 1011, 'Eva Lovelace');
Insert into Movie values (12, 'It Happened One Night', 1934);
Insert into MovieStar values (1012, 'Clark Gable', 'male');
Insert into StarsIn values (12, 1012, 'Peter Warne');
Insert into MovieStar values (1013, 'Claudette Colbert', 'female');
Insert into StarsIn values (12, 1013, 'Ellie Andrews');
Insert into Movie values (13, 'The Informer', 1935);
Insert into MovieStar values (1014, 'Victor McLaglen', 'male');
Insert into StarsIn values (13, 1014, 'Gypo Nolan');
Insert into Movie values (14, 'Dangerous', 1935);
Insert into MovieStar values (1015, 'Bette Davis', 'female');
Insert into StarsIn values (14, 1015, 'Joyce Heath');
Insert into Movie values (15, 'The Story of Louis Pasteur', 1936);
Insert into MovieStar values (1016, 'Paul Muni', 'male');
Insert into StarsIn values (15, 1016, 'Louis Pasteur');
Insert into Movie values (16, 'Come and Get It', 1936);
Insert into MovieStar values (1017, 'Walter Brennan', 'male');
Insert into StarsIn values (16, 1017, 'Swan Bostrom');
Insert into Movie values (17, 'The Great Ziegfeld', 1936);
Insert into MovieStar values (1018, 'Luise Rainer', 'female');
Insert into StarsIn values (17, 1018, 'Anna Held');
Insert into Movie values (18, 'Anthony Adverse', 1936);
Insert into MovieStar values (1019, 'Gale Sondergaard', 'female');
Insert into StarsIn values (18, 1019, 'Faith Paleologue');
Insert into Movie values (19, 'Captains Courageous', 1937);
Insert into MovieStar values (1020, 'Spencer Tracy', 'male');
Insert into StarsIn values (19, 1020, 'Manuel');
Insert into Movie values (20, 'The Life of Emile Zola', 1937);
Insert into MovieStar values (1021, 'Joseph Schildkraut', 'male');
Insert into StarsIn values (20, 1021, 'Captain Alfred Dreyfus');
Insert into Movie values (21, 'The Good Earth', 1937);
Insert into StarsIn values (21, 1018, 'O-Lan');
Insert into Movie values (22, 'In Old Chicago', 1937);
Insert into MovieStar values (1022, 'Alice Brady', 'female');
Insert into StarsIn values (22, 1022, 'Molly O''Leary');
Insert into Movie values (23, 'Boys Town', 1938);
Insert into StarsIn values (23, 1020, 'Father Flanagan');
Insert into Movie values (24, 'Kentucky', 1938);
Insert into StarsIn values (24, 1017, 'Peter Goodwin');
Insert into Movie values (25, 'Jezebel', 1938);
Insert into StarsIn values (25, 1015, 'Julie Morrison');
Insert into MovieStar values (1023, 'Fay Bainter', 'female');
Insert into StarsIn values (25, 1023, 'Aunt Belle Massey');
Insert into Movie values (26, 'Goodbye, Mr. Chips', 1939);
Insert into MovieStar values (1024, 'Robert Donat', 'male');
Insert into StarsIn values (26, 1024, 'Mr. Chips');
Insert into Movie values (27, 'Stagecoach', 1939);
Insert into MovieStar values (1025, 'Thomas Mitchell', 'male');
Insert into StarsIn values (27, 1025, 'Dr. Josiah Boone');
Insert into Movie values (28, 'Gone with the Wind', 1939);
Insert into MovieStar values (1026, 'Vivien Leigh', 'female');
Insert into StarsIn values (28, 1026, 'Scarlett O''Hara');
Insert into MovieStar values (1027, 'Hattie McDaniel', 'female');
Insert into StarsIn values (28, 1027, 'Mammy');
Insert into Movie values (29, 'The Philadelphia Story', 1940);
Insert into MovieStar values (1028, 'James Stewart', 'male');
Insert into StarsIn values (29, 1028, 'Mike Connor');
Insert into Movie values (30, 'The Westerner', 1940);
Insert into StarsIn values (30, 1017, 'Judge Roy Bean');
Insert into Movie values (31, 'Kitty Foyle', 1940);
Insert into MovieStar values (1029, 'Ginger Rogers', 'female');
Insert into StarsIn values (31, 1029, 'Kitty Foyle');
Insert into Movie values (32, 'The Grapes of Wrath', 1940);
Insert into MovieStar values (1030, 'Jane Darwell', 'female');
Insert into StarsIn values (32, 1030, 'Ma Joad');
Insert into Movie values (33, 'Sergeant York', 1941);
Insert into MovieStar values (1031, 'Gary Cooper', 'male');
Insert into StarsIn values (33, 1031, 'Alvin C. York');
Insert into Movie values (34, 'How Green Was My Valley', 1941);
Insert into MovieStar values (1032, 'Donald Crisp', 'male');
Insert into StarsIn values (34, 1032, 'Mr. Morgan');




-- this is the limit...
Insert into Movie values (35, 'Suspicion', 1941);
Insert into MovieStar values (1033, 'Joan Fontaine', 'female');
Insert into StarsIn values (35, 1033, 'Lina McLaidlaw');
Insert into Movie values (36, 'The Great Lie', 1941);
Insert into MovieStar values (1034, 'Mary Astor', 'female');
Insert into StarsIn values (36, 1034, 'Sandra Kovak');
Insert into Movie values (37, 'Yankee Doodle Dandy', 1942);
Insert into MovieStar values (1035, 'James Cagney', 'male');
Insert into StarsIn values (37, 1035, 'George M. Cohan');
Insert into Movie values (38, 'Johnny Eager', 1942);
Insert into MovieStar values (1036, 'Van Heflin', 'male');
Insert into StarsIn values (38, 1036, 'Jeff Hartnett');
Insert into Movie values (39, 'Mrs. Miniver', 1942);
Insert into MovieStar values (1037, 'Greer Garson', 'female');
Insert into StarsIn values (39, 1037, 'Kay Miniver');
Insert into MovieStar values (1038, 'Teresa Wright', 'female');
Insert into StarsIn values (39, 1038, 'Carol Beldon');
Insert into Movie values (40, 'Watch on the Rhine', 1943);
Insert into MovieStar values (1039, 'Paul Lukas', 'male');
Insert into StarsIn values (40, 1039, 'Kurt Muller');
Insert into Movie values (41, 'The More the Merrier', 1943);
Insert into MovieStar values (1040, 'Charles Coburn', 'male');
Insert into StarsIn values (41, 1040, 'Benjamin Dingle');
Insert into Movie values (42, 'The Song of Bernadette', 1943);
Insert into MovieStar values (1041, 'Jennifer Jones', 'female');
Insert into StarsIn values (42, 1041, 'Bernadette Soubirous');
Insert into Movie values (43, 'For Whom the Bell Tolls', 1943);
Insert into MovieStar values (1042, 'Katina Paxinou', 'female');
Insert into StarsIn values (43, 1042, 'Pilar');
Insert into Movie values (44, 'Going My Way', 1944);
Insert into MovieStar values (1043, 'Bing Crosby', 'male');
Insert into StarsIn values (44, 1043, 'Father O''Malley');
Insert into MovieStar values (1044, 'Barry Fitzgerald', 'male');
Insert into StarsIn values (44, 1044, 'Father Fitzgibbon');
Insert into Movie values (45, 'Gaslight', 1944);
Insert into MovieStar values (1045, 'Ingrid Bergman', 'female');
Insert into StarsIn values (45, 1045, 'Paula Alquist');
Insert into Movie values (46, 'None but the Lonely Heart', 1944);
Insert into MovieStar values (1046, 'Ethel Barrymore', 'female');
Insert into StarsIn values (46, 1046, 'Ma Mott');
Insert into Movie values (47, 'The Lost Weekend', 1945);
Insert into MovieStar values (1047, 'Ray Milland', 'male');
Insert into StarsIn values (47, 1047, 'Don Birnam');
Insert into Movie values (48, 'A Tree Grows in Brooklyn', 1945);
Insert into MovieStar values (1048, 'James Dunn', 'male');
Insert into StarsIn values (48, 1048, 'Johnny Nolan');
Insert into Movie values (49, 'Mildred Pierce', 1945);
Insert into MovieStar values (1049, 'Joan Crawford', 'female');
Insert into StarsIn values (49, 1049, 'Mildred Pierce');
Insert into Movie values (50, 'National Velvet', 1945);
Insert into MovieStar values (1050, 'Anne Revere', 'female');
Insert into StarsIn values (50, 1050, 'Mrs. Brown');
Insert into Movie values (51, 'The Best Years of Our Lives', 1946);
Insert into MovieStar values (1051, 'Fredric March', 'male');
Insert into StarsIn values (51, 1051, 'Al Stephenson');
Insert into MovieStar values (1052, 'Harold Russell', 'male');
Insert into StarsIn values (51, 1052, 'Homer Parrish');
Insert into Movie values (52, 'To Each His Own', 1946);
Insert into MovieStar values (1053, 'Olivia de Havilland', 'female');
Insert into StarsIn values (52, 1053, 'Jody Norris');
Insert into Movie values (53, 'The Razor''s Edge', 1946);
Insert into MovieStar values (1054, 'Anne Baxter', 'female');
Insert into StarsIn values (53, 1054, 'Sophie MacDonald');
Insert into Movie values (54, 'A Double Life', 1947);
Insert into MovieStar values (1055, 'Ronald Colman', 'male');
Insert into StarsIn values (54, 1055, 'Anthony John');
Insert into Movie values (55, 'Miracle on 34th Street', 1947);
Insert into MovieStar values (1056, 'Edmund Gwenn', 'male');
Insert into StarsIn values (55, 1056, 'Kris Kringle');
Insert into Movie values (56, 'The Farmer''s Daughter', 1947);
Insert into MovieStar values (1057, 'Loretta Young', 'female');
Insert into StarsIn values (56, 1057, 'Katrin Holstrom');
Insert into Movie values (57, 'Gentleman''s Agreement', 1947);
Insert into MovieStar values (1058, 'Celeste Holm', 'female');
Insert into StarsIn values (57, 1058, 'Anne');
Insert into Movie values (58, 'Hamlet', 1948);
Insert into MovieStar values (1059, 'Laurence Olivier', 'male');
Insert into StarsIn values (58, 1059, 'Hamlet');
Insert into Movie values (59, 'The Treasure of the Sierra Madre', 1948);
Insert into MovieStar values (1060, 'Walter Huston', 'male');
Insert into StarsIn values (59, 1060, 'Howard');
Insert into Movie values (60, 'Johnny Belinda', 1948);
Insert into MovieStar values (1061, 'Jane Wyman', 'female');
Insert into StarsIn values (60, 1061, 'Belinda McDonald');
Insert into Movie values (61, 'Key Largo', 1948);
Insert into MovieStar values (1062, 'Claire Trevor', 'female');
Insert into StarsIn values (61, 1062, 'Gaye');
Insert into Movie values (62, 'All the King''s Men', 1949);
Insert into MovieStar values (1063, 'Broderick Crawford', 'male');
Insert into StarsIn values (62, 1063, 'Willie Stark');
Insert into Movie values (63, 'Twelve O''Clock High', 1949);
Insert into MovieStar values (1064, 'Dean Jagger', 'male');
Insert into StarsIn values (63, 1064, 'Major Stovall');
Insert into Movie values (64, 'The Heiress', 1949);
Insert into StarsIn values (64, 1053, 'Catherine Sloper');
Insert into MovieStar values (1065, 'Mercedes McCambridge', 'female');
Insert into StarsIn values (62, 1065, 'Sadie Burke');
Insert into Movie values (65, 'Cyrano de Bergerac', 1950);
Insert into MovieStar values (1066, 'JoseFerrer', 'male');
Insert into StarsIn values (65, 1066, 'Cyrano de Bergerac');
Insert into Movie values (66, 'All about Eve', 1950);
Insert into MovieStar values (1067, 'George Sanders', 'male');
Insert into StarsIn values (66, 1067, 'Addison De Witt');
Insert into Movie values (67, 'Born Yesterday', 1950);
Insert into MovieStar values (1068, 'Judy Holliday', 'female');
Insert into StarsIn values (67, 1068, 'Billie Dawn');
Insert into Movie values (68, 'Harvey', 1950);
Insert into MovieStar values (1069, 'Josephine Hull', 'female');
Insert into StarsIn values (68, 1069, 'Veta Louise Simmons');
Insert into Movie values (69, 'The African Queen', 1951);
Insert into MovieStar values (1070, 'Humphrey Bogart', 'male');
Insert into StarsIn values (69, 1070, 'Charlie Allnut');
Insert into Movie values (70, 'A Streetcar Named Desire', 1951);
Insert into MovieStar values (1071, 'Karl Malden', 'male');
Insert into StarsIn values (70, 1071, 'Mitch');
Insert into StarsIn values (70, 1026, 'Blanche DuBois');
Insert into MovieStar values (1072, 'Kim Hunter', 'female');
Insert into StarsIn values (70, 1072, 'Stella Kowalski');
Insert into Movie values (71, 'High Noon', 1952);
Insert into StarsIn values (71, 1031, 'Will Kane');
Insert into Movie values (72, 'Viva Zapata!', 1952);
Insert into MovieStar values (1073, 'Anthony Quinn', 'male');
Insert into StarsIn values (72, 1073, 'Eufemio Zapata');
Insert into Movie values (73, 'Come Back, Little Sheba', 1952);
Insert into MovieStar values (1074, 'Shirley Booth', 'female');
Insert into StarsIn values (73, 1074, 'Lola Delaney');
Insert into Movie values (74, 'The Bad and the Beautiful', 1952);
Insert into MovieStar values (1075, 'Gloria Grahame', 'female');
Insert into StarsIn values (74, 1075, 'Rosemary Bartlow');
Insert into Movie values (75, 'Stalag 17', 1953);
Insert into MovieStar values (1076, 'William Holden', 'male');
Insert into StarsIn values (75, 1076, 'Sefton');
Insert into Movie values (76, 'From Here to Eternity', 1953);
Insert into MovieStar values (1077, 'Frank Sinatra', 'male');
Insert into StarsIn values (76, 1077, 'Angelo Maggio');
Insert into Movie values (77, 'Roman Holiday', 1953);
Insert into MovieStar values (1078, 'Audrey Hepburn', 'female');
Insert into StarsIn values (77, 1078, 'Princess Anne');
Insert into MovieStar values (1079, 'Donna Reed', 'female');
Insert into StarsIn values (76, 1079, 'Lorene/Alma');
Insert into Movie values (78, 'On the Waterfront', 1954);
Insert into MovieStar values (1080, 'Marlon Brando', 'male');
Insert into StarsIn values (78, 1080, 'Terry Malloy');
Insert into Movie values (79, 'The Barefoot Contessa', 1954);
Insert into MovieStar values (1081, 'Edmond O''Brien', 'male');
Insert into StarsIn values (79, 1081, 'Oscar Muldoon');
Insert into Movie values (80, 'The Country Girl', 1954);
Insert into MovieStar values (1082, 'Grace Kelly', 'female');
Insert into StarsIn values (80, 1082, 'Georgie Elgin');
Insert into MovieStar values (1083, 'Eva Marie Saint', 'female');
Insert into StarsIn values (78, 1083, 'Edie Doyle');
Insert into Movie values (81, 'Marty', 1955);
Insert into MovieStar values (1084, 'Ernest Borgnine', 'male');
Insert into StarsIn values (81, 1084, 'Marty Pilletti');
Insert into Movie values (82, 'Mister Roberts', 1955);
Insert into MovieStar values (1085, 'Jack Lemmon', 'male');
Insert into StarsIn values (82, 1085, 'Ensign Pulver');
Insert into Movie values (83, 'The Rose Tattoo', 1955);
Insert into MovieStar values (1086, 'Anna Magnani', 'female');
Insert into StarsIn values (83, 1086, 'Serafina Della Rose');
Insert into Movie values (84, 'East of Eden', 1955);
Insert into MovieStar values (1087, 'Jo Van Fleet', 'female');
Insert into StarsIn values (84, 1087, 'Kate');
Insert into Movie values (85, 'The King and I', 1956);
Insert into MovieStar values (1088, 'Yul Brynner', 'male');
Insert into StarsIn values (85, 1088, 'The King');
Insert into Movie values (86, 'Lust for Life', 1956);
Insert into StarsIn values (86, 1073, 'Paul Gauguin');
Insert into Movie values (87, 'Anastasia', 1956);
Insert into StarsIn values (87, 1045, 'The Woman');
Insert into Movie values (88, 'Written on the Wind', 1956);
Insert into MovieStar values (1089, 'Dorothy Malone', 'female');
Insert into StarsIn values (88, 1089, 'Marylee Hadley');
Insert into Movie values (89, 'The Bridge on the River Kwai', 1957);
Insert into MovieStar values (1090, 'Alec Guinness', 'male');
Insert into StarsIn values (89, 1090, 'Colonel Nicholson');
Insert into Movie values (90, 'Sayonara', 1957);
Insert into MovieStar values (1091, 'Red Buttons', 'male');
Insert into StarsIn values (90, 1091, 'Joe Kelly');
Insert into Movie values (91, 'The Three Faces of Eve', 1957);
Insert into MovieStar values (1092, 'Joanne Woodward', 'female');
Insert into StarsIn values (91, 1092, 'Eve White/Eve Black/Jane');
Insert into MovieStar values (1093, 'Miyoshi Umeki', 'female');
Insert into StarsIn values (90, 1093, 'Katsumi');
Insert into Movie values (92, 'Separate Tables', 1958);
Insert into MovieStar values (1094, 'David Niven', 'male');
Insert into StarsIn values (92, 1094, 'Major Pollock');
Insert into Movie values (93, 'The Big Country', 1958);
Insert into MovieStar values (1095, 'Burl Ives', 'male');
Insert into StarsIn values (93, 1095, 'Rufus Hannassey');
Insert into Movie values (94, 'I Want to Live!', 1958);
Insert into MovieStar values (1096, 'Susan Hayward', 'female');
Insert into StarsIn values (94, 1096, 'Barbara Graham');
Insert into MovieStar values (1097, 'Wendy Hiller', 'female');
Insert into StarsIn values (92, 1097, 'Pat Cooper');
Insert into Movie values (95, 'Ben-Hur', 1959);
Insert into MovieStar values (1098, 'Charlton Heston', 'male');
Insert into StarsIn values (95, 1098, 'Judah Ben-Hur');
Insert into MovieStar values (1099, 'Hugh Griffith', 'male');
Insert into StarsIn values (95, 1099, 'Sheik Ilderim');
Insert into Movie values (96, 'Room at the Top', 1959);
Insert into MovieStar values (1100, 'Simone Signoret', 'female');
Insert into StarsIn values (96, 1100, 'Alice Aisgill');
Insert into Movie values (97, 'The Diary of Anne Frank', 1959);
Insert into MovieStar values (1101, 'Shelley Winters', 'female');
Insert into StarsIn values (97, 1101, 'Mrs. Van Daan');
Insert into Movie values (98, 'Elmer Gantry', 1960);
Insert into MovieStar values (1102, 'Burt Lancaster', 'male');
Insert into StarsIn values (98, 1102, 'Elmer Gantry');
Insert into Movie values (99, 'Spartacus', 1960);
Insert into MovieStar values (1103, 'Peter Ustinov', 'male');
Insert into StarsIn values (99, 1103, 'Batiatus');
Insert into Movie values (100, 'Butterfield 8', 1960);
Insert into MovieStar values (1104, 'Elizabeth Taylor', 'female');
Insert into StarsIn values (100, 1104, 'Gloria Wandrous');
Insert into MovieStar values (1105, 'Shirley Jones', 'female');
Insert into StarsIn values (98, 1105, 'Lulu Bains');
Insert into Movie values (101, 'Judgment at Nuremberg', 1961);
Insert into MovieStar values (1106, 'Maximilian Schell', 'male');
Insert into StarsIn values (101, 1106, 'Hans Rolfe');
Insert into Movie values (102, 'West Side Story', 1961);
Insert into MovieStar values (1107, 'George Chakiris', 'male');
Insert into StarsIn values (102, 1107, 'Bernardo');
Insert into Movie values (103, 'Two Women', 1961);
Insert into MovieStar values (1108, 'Sophia Loren', 'female');
Insert into StarsIn values (103, 1108, 'Cesira');
Insert into MovieStar values (1109, 'Rita Moreno', 'female');
Insert into StarsIn values (102, 1109, 'Anita');
Insert into Movie values (104, 'To Kill a Mockingbird', 1962);
Insert into MovieStar values (1110, 'Gregory Peck', 'male');
Insert into StarsIn values (104, 1110, 'Atticus Finch');
Insert into Movie values (105, 'Sweet Bird of Youth', 1962);
Insert into MovieStar values (1111, 'Ed Begley', 'male');
Insert into StarsIn values (105, 1111, 'Tom ''Boss'' Finley');
Insert into Movie values (106, 'The Miracle Worker', 1962);
Insert into MovieStar values (1112, 'Anne Bancroft', 'female');
Insert into StarsIn values (106, 1112, 'Annie Sullivan');
Insert into MovieStar values (1113, 'Patty Duke', 'female');
Insert into StarsIn values (106, 1113, 'Helen Keller');
Insert into Movie values (107, 'Lilies of the Field', 1963);
Insert into MovieStar values (1114, 'Sidney Poitier', 'male');
Insert into StarsIn values (107, 1114, 'Homer Smith');
Insert into Movie values (108, 'Hud', 1963);
Insert into MovieStar values (1115, 'Melvyn Douglas', 'male');
Insert into StarsIn values (108, 1115, 'Homer Bannon');
Insert into MovieStar values (1116, 'Patricia Neal', 'female');
Insert into StarsIn values (108, 1116, 'Alma');
Insert into Movie values (109, 'The V.I.P.s', 1963);
Insert into MovieStar values (1117, 'Margaret Rutherford', 'female');
Insert into StarsIn values (109, 1117, 'Duchess of Brighton');
Insert into Movie values (110, 'My Fair Lady', 1964);
Insert into MovieStar values (1118, 'Rex Harrison', 'male');
Insert into StarsIn values (110, 1118, 'Professor Henry Higgins');
Insert into Movie values (111, 'Topkapi', 1964);
Insert into StarsIn values (111, 1103, 'Arthur Simpson');
Insert into Movie values (112, 'Mary Poppins', 1964);
Insert into MovieStar values (1119, 'Julie Andrews', 'female');
Insert into StarsIn values (112, 1119, 'Mary Poppins');
Insert into Movie values (113, 'Zorba the Greek', 1964);
Insert into MovieStar values (1120, 'Lila Kedrova', 'female');
Insert into StarsIn values (113, 1120, 'Madame Hortense');
Insert into Movie values (114, 'Cat Ballou', 1965);
Insert into MovieStar values (1121, 'Lee Marvin', 'male');
Insert into StarsIn values (114, 1121, 'Kid Shelleen/Tim Strawn');
Insert into Movie values (115, 'A Thousand Clowns', 1965);
Insert into MovieStar values (1122, 'Martin Balsam', 'male');
Insert into StarsIn values (115, 1122, 'Arnold Burns');
Insert into Movie values (116, 'Darling', 1965);
Insert into MovieStar values (1123, 'Julie Christie', 'female');
Insert into StarsIn values (116, 1123, 'Diana Scott');
Insert into Movie values (117, 'A Patch of Blue', 1965);
Insert into StarsIn values (117, 1101, 'Rose-Ann D''Arcey');
Insert into Movie values (118, 'A Man for All Seasons', 1966);
Insert into MovieStar values (1124, 'Paul Scofield', 'male');
Insert into StarsIn values (118, 1124, 'Sir Thomas More');
Insert into Movie values (119, 'The Fortune Cookie', 1966);
Insert into MovieStar values (1125, 'Walter Matthau', 'male');
Insert into StarsIn values (119, 1125, 'Willie Gingrich');
Insert into Movie values (120, 'Who''s Afraid of Virginia Woolf?', 1966);
Insert into StarsIn values (120, 1104, 'Martha');
Insert into MovieStar values (1126, 'Sandy Dennis', 'female');
Insert into StarsIn values (120, 1126, 'Honey');
Insert into Movie values (121, 'In the Heat of the Night', 1967);
Insert into MovieStar values (1127, 'Rod Steiger', 'male');
Insert into StarsIn values (121, 1127, 'Police Chief Bill Gillespie');
Insert into Movie values (122, 'Cool Hand Luke', 1967);
Insert into MovieStar values (1128, 'George Kennedy', 'male');
Insert into StarsIn values (122, 1128, 'Dragline');
Insert into Movie values (123, 'Guess Who''s Coming to Dinner', 1967);
Insert into StarsIn values (123, 1011, 'Christina Drayton');
Insert into Movie values (124, 'Bonnie and Clyde', 1967);
Insert into MovieStar values (1129, 'Estelle Parsons', 'female');
Insert into StarsIn values (124, 1129, 'Blanche Barrow');
Insert into Movie values (125, 'Charly', 1968);
Insert into MovieStar values (1130, 'Cliff Robertson', 'male');
Insert into StarsIn values (125, 1130, 'Charly Gordon');
Insert into Movie values (126, 'The Subject Was Roses', 1968);
Insert into MovieStar values (1131, 'Jack Albertson', 'male');
Insert into StarsIn values (126, 1131, 'John Cleary');
Insert into Movie values (127, 'The Lion in Winter', 1968);
Insert into StarsIn values (127, 1011, 'Queen Eleanor of Aquitaine');
Insert into Movie values (128, 'Rosemary''s Baby', 1968);
Insert into MovieStar values (1132, 'Ruth Gordon', 'female');
Insert into StarsIn values (128, 1132, 'Minnie Castevet');
Insert into Movie values (129, 'True Grit', 1969);
Insert into MovieStar values (1133, 'John Wayne', 'male');
Insert into StarsIn values (129, 1133, 'Rooster Cogburn');
Insert into Movie values (130, 'They Shoot Horses, Don''t They?', 1969);
Insert into MovieStar values (1134, 'Gig Young', 'male');
Insert into StarsIn values (130, 1134, 'Rocky');
Insert into Movie values (131, 'The Prime of Miss Jean Brodie', 1969);
Insert into MovieStar values (1135, 'Maggie Smith', 'female');
Insert into StarsIn values (131, 1135, 'Miss Jean Brodie');
Insert into Movie values (132, 'Cactus Flower', 1969);
Insert into MovieStar values (1136, 'Goldie Hawn', 'female');
Insert into StarsIn values (132, 1136, 'Toni Simmons');
Insert into Movie values (133, 'Patton', 1970);
Insert into MovieStar values (1137, 'George C. Scott', 'male');
Insert into StarsIn values (133, 1137, 'General George S. Patton, Jr.');
Insert into Movie values (134, 'Ryan''s Daughter', 1970);
Insert into MovieStar values (1138, 'John Mills', 'male');
Insert into StarsIn values (134, 1138, 'Michael');
Insert into Movie values (135, 'Women in Love', 1970);
Insert into MovieStar values (1139, 'Glenda Jackson', 'female');
Insert into StarsIn values (135, 1139, 'Gudrun Brangwen');
Insert into Movie values (136, 'Airport', 1970);
Insert into StarsIn values (136, 1009, 'Ada Quonsett');
Insert into Movie values (137, 'The French Connection', 1971);
Insert into MovieStar values (1140, 'Gene Hackman', 'male');
Insert into StarsIn values (137, 1140, 'Jimmy ''Popeye'' Doyle');
Insert into Movie values (138, 'The Last Picture Show', 1971);
Insert into MovieStar values (1141, 'Ben Johnson', 'male');
Insert into StarsIn values (138, 1141, 'Sam the Lion');
Insert into Movie values (139, 'Klute', 1971);
Insert into MovieStar values (1142, 'Jane Fonda', 'female');
Insert into StarsIn values (139, 1142, 'Bree Daniel');
Insert into MovieStar values (1143, 'Cloris Leachman', 'female');
Insert into StarsIn values (138, 1143, 'Ruth Popper');
Insert into Movie values (140, 'The Godfather', 1972);
Insert into StarsIn values (140, 1080, 'Don Vito Corleone');
Insert into Movie values (141, 'Cabaret', 1972);
Insert into MovieStar values (1144, 'Joel Grey', 'male');
Insert into StarsIn values (141, 1144, 'The Master of Ceremonies');
Insert into MovieStar values (1145, 'Liza Minnelli', 'female');
Insert into StarsIn values (141, 1145, 'Sally Bowles');
Insert into Movie values (142, 'Butterflies Are Free', 1972);
Insert into MovieStar values (1146, 'Eileen Heckart', 'female');
Insert into StarsIn values (142, 1146, 'Mrs. Baker');
Insert into Movie values (143, 'Save the Tiger', 1973);
Insert into StarsIn values (143, 1085, 'Harry Stoner');
Insert into Movie values (144, 'The Paper Chase', 1973);
Insert into MovieStar values (1147, 'John Houseman', 'male');
Insert into StarsIn values (144, 1147, 'Professor Kingsfield');
Insert into Movie values (145, 'A Touch of Class', 1973);
Insert into StarsIn values (145, 1139, 'Vicki Allessio');
Insert into Movie values (146, 'Paper Moon', 1973);
Insert into MovieStar values (1148, 'Tatum O''Neal', 'female');
Insert into StarsIn values (146, 1148, 'Addie Loggins');
Insert into Movie values (147, 'Harry and Tonto', 1974);
Insert into MovieStar values (1149, 'Art Carney', 'male');
Insert into StarsIn values (147, 1149, 'Harry');
Insert into Movie values (148, 'The Godfather Part II', 1974);
Insert into MovieStar values (1150, 'Robert De Niro', 'male');
Insert into StarsIn values (148, 1150, 'Vito Corleone');
Insert into Movie values (149, 'Alice Doesn''t Live Here Anymore', 1974);
Insert into MovieStar values (1151, 'Ellen Burstyn', 'female');
Insert into StarsIn values (149, 1151, 'Alice Hyatt');
Insert into Movie values (150, 'Murder on the Orient Express', 1974);
Insert into StarsIn values (150, 1045, 'Greta Ohlsson');
Insert into Movie values (151, 'One Flew over the Cuckoo''s Nest', 1975);
Insert into MovieStar values (1152, 'Jack Nicholson', 'male');
Insert into StarsIn values (151, 1152, 'Randle Patrick McMurphy');
Insert into Movie values (152, 'The Sunshine Boys', 1975);
Insert into MovieStar values (1153, 'George Burns', 'male');
Insert into StarsIn values (152, 1153, 'Al Lewis');
Insert into MovieStar values (1154, 'Louise Fletcher', 'female');
Insert into StarsIn values (151, 1154, 'Nurse Mildred Ratched');
Insert into Movie values (153, 'Shampoo', 1975);
Insert into MovieStar values (1155, 'Lee Grant', 'female');
Insert into StarsIn values (153, 1155, 'Felicia Karpf');
Insert into Movie values (154, 'Network', 1976);
Insert into MovieStar values (1156, 'Peter Finch', 'male');
Insert into StarsIn values (154, 1156, 'Howard Beale');
Insert into Movie values (155, 'All the President''s Men', 1976);
Insert into MovieStar values (1157, 'Jason Robards', 'male');
Insert into StarsIn values (155, 1157, 'Ben Bradlee');
Insert into MovieStar values (1158, 'Faye Dunaway', 'female');
Insert into StarsIn values (154, 1158, 'Diana Christensen');
Insert into MovieStar values (1159, 'Beatrice Straight', 'female');
Insert into StarsIn values (154, 1159, 'Louise Schumacher');
Insert into Movie values (156, 'The Goodbye Girl', 1977);
Insert into MovieStar values (1160, 'Richard Dreyfuss', 'male');
Insert into StarsIn values (156, 1160, 'Elliot Garfield');
Insert into Movie values (157, 'Julia', 1977);
Insert into StarsIn values (157, 1157, 'Dashiell Hammett');
Insert into Movie values (158, 'Annie Hall', 1977);
Insert into MovieStar values (1161, 'Diane Keaton', 'female');
Insert into StarsIn values (158, 1161, 'Annie Hall');
Insert into MovieStar values (1162, 'Vanessa Redgrave', 'female');
Insert into StarsIn values (157, 1162, 'Julia');
Insert into Movie values (159, 'Coming Home', 1978);
Insert into MovieStar values (1163, 'Jon Voight', 'male');
Insert into StarsIn values (159, 1163, 'Luke Martin');
Insert into Movie values (160, 'The Deer Hunter', 1978);
Insert into MovieStar values (1164, 'Christopher Walken', 'male');
Insert into StarsIn values (160, 1164, 'Nick');
Insert into StarsIn values (159, 1142, 'Sally Hyde');
Insert into Movie values (161, 'California Suite', 1978);
Insert into StarsIn values (161, 1135, 'Diana Barrie');
Insert into Movie values (162, 'Kramer vs. Kramer', 1979);
Insert into MovieStar values (1165, 'Dustin Hoffman', 'male');
Insert into StarsIn values (162, 1165, 'Ted Kramer');
Insert into Movie values (163, 'Being There', 1979);
Insert into StarsIn values (163, 1115, 'Benjamin Rand');
Insert into Movie values (164, 'Norma Rae', 1979);
Insert into MovieStar values (1166, 'Sally Field', 'female');
Insert into StarsIn values (164, 1166, 'Norma Rae');
Insert into MovieStar values (1167, 'Meryl Streep', 'female');
Insert into StarsIn values (162, 1167, 'Joanna Kramer');
Insert into Movie values (165, 'Raging Bull', 1980);
Insert into StarsIn values (165, 1150, 'Jake LaMotta');
Insert into Movie values (166, 'Ordinary People', 1980);
Insert into MovieStar values (1168, 'Timothy Hutton', 'male');
Insert into StarsIn values (166, 1168, 'Conrad Jarrett');
Insert into Movie values (167, 'Coal Miner''s Daughter', 1980);
Insert into MovieStar values (1169, 'Sissy Spacek', 'female');
Insert into StarsIn values (167, 1169, 'Loretta Lynn');
Insert into Movie values (168, 'Melvin and Howard', 1980);
Insert into MovieStar values (1170, 'Mary Steenburgen', 'female');
Insert into StarsIn values (168, 1170, 'Lynda Dummar');
Insert into Movie values (169, 'On Golden Pond', 1981);
Insert into MovieStar values (1171, 'Henry Fonda', 'male');
Insert into StarsIn values (169, 1171, 'Norman Thayer, Jr.');
Insert into Movie values (170, 'Arthur', 1981);
Insert into MovieStar values (1172, 'John Gielgud', 'male');
Insert into StarsIn values (170, 1172, 'Hobson');
Insert into StarsIn values (169, 1011, 'Ethel Thayer');
Insert into Movie values (171, 'Reds', 1981);
Insert into MovieStar values (1173, 'Maureen Stapleton', 'female');
Insert into StarsIn values (171, 1173, 'Emma Goldman');
Insert into Movie values (172, 'Gandhi', 1982);
Insert into MovieStar values (1174, 'Ben Kingsley', 'male');
Insert into StarsIn values (172, 1174, 'Mahatma Gandhi');
Insert into Movie values (173, 'An Officer and a Gentleman', 1982);
Insert into MovieStar values (1175, 'Louis Gossett, Jr.', 'male');
Insert into StarsIn values (173, 1175, 'Sgt. Emil Foley');
Insert into Movie values (174, 'Sophie''s Choice', 1982);
Insert into StarsIn values (174, 1167, 'Sophie');
Insert into Movie values (175, 'Tootsie', 1982);
Insert into MovieStar values (1176, 'Jessica Lange', 'female');
Insert into StarsIn values (175, 1176, 'Julie Nichols');
Insert into Movie values (176, 'Tender Mercies', 1983);
Insert into MovieStar values (1177, 'Robert Duvall', 'male');
Insert into StarsIn values (176, 1177, 'Mac Sledge');
Insert into Movie values (177, 'Terms of Endearment', 1983);
Insert into StarsIn values (177, 1152, 'Garrett Breedlove');
Insert into MovieStar values (1178, 'Shirley MacLaine', 'female');
Insert into StarsIn values (177, 1178, 'Aurora Greenway');
Insert into Movie values (178, 'The Year of Living Dangerously', 1983);
Insert into MovieStar values (1179, 'Linda Hunt', 'female');
Insert into StarsIn values (178, 1179, 'Billy Kwan');
Insert into Movie values (179, 'Amadeus', 1984);
Insert into MovieStar values (1180, 'F. Murray Abraham', 'male');
Insert into StarsIn values (179, 1180, 'Antonio Salieri');
Insert into Movie values (180, 'The Killing Fields', 1984);
Insert into MovieStar values (1181, 'Haing S. Ngor', 'male');
Insert into StarsIn values (180, 1181, 'Dith Pran');
Insert into Movie values (181, 'Places in the Heart', 1984);
Insert into StarsIn values (181, 1166, 'Edna Spalding');
Insert into Movie values (182, 'A Passage to India', 1984);
Insert into MovieStar values (1182, 'Peggy Ashcroft', 'female');
Insert into StarsIn values (182, 1182, 'Mrs. Moore');
Insert into Movie values (183, 'Kiss of the Spider Woman', 1985);
Insert into MovieStar values (1183, 'William Hurt', 'male');
Insert into StarsIn values (183, 1183, 'Luis Molina');
Insert into Movie values (184, 'Cocoon', 1985);
Insert into MovieStar values (1184, 'Don Ameche', 'male');
Insert into StarsIn values (184, 1184, 'Art Selwyn');
Insert into Movie values (185, 'The Trip to Bountiful', 1985);
Insert into MovieStar values (1185, 'Geraldine Page', 'female');
Insert into StarsIn values (185, 1185, 'Mrs. Watts');
Insert into Movie values (186, 'Prizzi''s Honor', 1985);
Insert into MovieStar values (1186, 'Anjelica Huston', 'female');
Insert into StarsIn values (186, 1186, 'Maerose Prizzi');
Insert into Movie values (187, 'The Color of Money', 1986);
Insert into MovieStar values (1187, 'Paul Newman', 'male');
Insert into StarsIn values (187, 1187, 'Eddie Felson');
Insert into Movie values (188, 'Hannah and Her Sisters', 1986);
Insert into MovieStar values (1188, 'Michael Caine', 'male');
Insert into StarsIn values (188, 1188, 'Elliot');
Insert into Movie values (189, 'Children of a Lesser God', 1986);
Insert into MovieStar values (1189, 'Marlee Matlin', 'female');
Insert into StarsIn values (189, 1189, 'Sarah');
Insert into MovieStar values (1190, 'Dianne Wiest', 'female');
Insert into StarsIn values (188, 1190, 'Holly');
Insert into Movie values (190, 'Wall Street', 1987);
Insert into MovieStar values (1191, 'Michael Douglas', 'male');
Insert into StarsIn values (190, 1191, 'Gordon Gekko');
Insert into Movie values (191, 'The Untouchables', 1987);
Insert into MovieStar values (1192, 'Sean Connery', 'male');
Insert into StarsIn values (191, 1192, 'Jim Malone');
Insert into Movie values (192, 'Moonstruck', 1987);
Insert into MovieStar values (1193, 'Cher', 'female');
Insert into StarsIn values (192, 1193, 'Loretta Castorini');
Insert into MovieStar values (1194, 'Olympia Dukakis', 'female');
Insert into StarsIn values (192, 1194, 'Rose Castorini');
Insert into Movie values (193, 'Rain Man', 1988);
Insert into StarsIn values (193, 1165, 'Raymond Babbitt');
Insert into Movie values (194, 'A Fish Called Wanda', 1988);
Insert into MovieStar values (1195, 'Kevin Kline', 'male');
Insert into StarsIn values (194, 1195, 'Otto');
Insert into Movie values (195, 'The Accused', 1988);
Insert into MovieStar values (1196, 'Jodie Foster', 'female');
Insert into StarsIn values (195, 1196, 'Sarah Tobias');
Insert into Movie values (196, 'The Accidental Tourist', 1988);
Insert into MovieStar values (1197, 'Geena Davis', 'female');
Insert into StarsIn values (196, 1197, 'Muriel');
Insert into Movie values (197, 'My Left Foot', 1989);
Insert into MovieStar values (1198, 'Daniel Day Lewis', 'male');
Insert into StarsIn values (197, 1198, 'Christy Brown');
Insert into Movie values (198, 'Glory', 1989);
Insert into MovieStar values (1199, 'Denzel Washington', 'male');
Insert into StarsIn values (198, 1199, 'Trip');
Insert into Movie values (199, 'Driving Miss Daisy', 1989);
Insert into MovieStar values (1200, 'Jessica Tandy', 'female');
Insert into StarsIn values (199, 1200, 'Daisy Werthan');
Insert into MovieStar values (1201, 'Brenda Fricker', 'female');
Insert into StarsIn values (197, 1201, 'Mrs. Brown');
Insert into Movie values (200, 'Reversal of Fortune', 1990);
Insert into MovieStar values (1202, 'Jeremy Irons', 'male');
Insert into StarsIn values (200, 1202, 'Claus Von Bulow');
Insert into Movie values (201, 'Good Fellas', 1990);
Insert into MovieStar values (1203, 'Joe Pesci', 'male');
Insert into StarsIn values (201, 1203, 'Tommy DeVito');
Insert into Movie values (202, 'Misery', 1990);
Insert into MovieStar values (1204, 'Kathy Bates', 'female');
Insert into StarsIn values (202, 1204, 'Annie Wilkes');
Insert into Movie values (203, 'Ghost', 1990);
Insert into MovieStar values (1205, 'Whoopi Goldberg', 'female');
Insert into StarsIn values (203, 1205, 'Oda Mae Brown');
Insert into Movie values (204, 'The Silence of the Lambs', 1991);
Insert into MovieStar values (1206, 'Anthony Hopkins', 'male');
Insert into StarsIn values (204, 1206, 'Dr. Hannibal Lecter');
Insert into Movie values (205, 'City Slickers', 1991);
Insert into MovieStar values (1207, 'Jack Palance', 'male');
Insert into StarsIn values (205, 1207, 'Curly');
Insert into StarsIn values (204, 1196, 'Clarice Starling');
Insert into Movie values (206, 'The Fisher King', 1991);
Insert into MovieStar values (1208, 'Mercedes Ruehl', 'female');
Insert into StarsIn values (206, 1208, 'Anne');
Insert into Movie values (207, 'Scent of a Woman', 1992);
Insert into MovieStar values (1209, 'Al Pacino', 'male');
Insert into StarsIn values (207, 1209, 'Lt. Col. Frank Slade');
Insert into Movie values (208, 'Unforgiven', 1992);
Insert into StarsIn values (208, 1140, 'Little Bill Daggett');
Insert into Movie values (209, 'Howards End', 1992);
Insert into MovieStar values (1210, 'Emma Thompson', 'female');
Insert into StarsIn values (209, 1210, 'Margaret Schlegel');
Insert into Movie values (210, 'My Cousin Vinny', 1992);
Insert into MovieStar values (1211, 'Marisa Tomei', 'female');
Insert into StarsIn values (210, 1211, 'Mona Lisa Vito');
Insert into Movie values (211, 'Philadelphia', 1993);
Insert into MovieStar values (1212, 'Tom Hanks', 'male');
Insert into StarsIn values (211, 1212, 'Andrew Beckett');
Insert into Movie values (212, 'The Fugitive', 1993);
Insert into MovieStar values (1213, 'Tommy Lee Jones', 'male');
Insert into StarsIn values (212, 1213, 'Samuel Gerard');
Insert into Movie values (213, 'The Piano', 1993);
Insert into MovieStar values (1214, 'Holly Hunter', 'female');
Insert into StarsIn values (213, 1214, 'Ada');
Insert into MovieStar values (1215, 'Anna Paquin', 'female');
Insert into StarsIn values (213, 1215, 'Flora');
Insert into Movie values (214, 'Forrest Gump', 1994);
Insert into StarsIn values (214, 1212, 'Forrest Gump');
Insert into Movie values (215, 'Ed Wood', 1994);
Insert into MovieStar values (1216, 'Martin Landau', 'male');
Insert into StarsIn values (215, 1216, 'Bela Lugosi');
Insert into Movie values (216, 'Blue Sky', 1994);
Insert into StarsIn values (216, 1176, 'Carly Marshall');
Insert into Movie values (217, 'Bullets over Broadway', 1994);
Insert into StarsIn values (217, 1190, 'Helen Sinclair');
Insert into Movie values (218, 'Leaving Las Vegas', 1995);
Insert into MovieStar values (1217, 'Nicolas Cage', 'male');
Insert into StarsIn values (218, 1217, 'Ben Sanderson');
Insert into Movie values (219, 'The Usual Suspects', 1995);
Insert into MovieStar values (1218, 'Kevin Spacey', 'male');
Insert into StarsIn values (219, 1218, 'Roger ''Verbal'' Kint');
Insert into Movie values (220, 'Dead Man Walking', 1995);
Insert into MovieStar values (1219, 'Susan Sarandon', 'female');
Insert into StarsIn values (220, 1219, 'Sister Helen Prejean');
Insert into Movie values (221, 'Mighty Aphrodite', 1995);
Insert into MovieStar values (1220, 'Mira Sorvino', 'female');
Insert into StarsIn values (221, 1220, 'Linda');
Insert into Movie values (222, 'Shine', 1996);
Insert into MovieStar values (1221, 'Geoffrey Rush', 'male');
Insert into StarsIn values (222, 1221, 'David Helfgott');
Insert into Movie values (223, 'Jerry Maguire', 1996);
Insert into MovieStar values (1222, 'Cuba Gooding, Jr.', 'male');
Insert into StarsIn values (223, 1222, 'Rod Tidwell');
Insert into Movie values (224, 'Fargo', 1996);
Insert into MovieStar values (1223, 'Frances McDormand', 'female');
Insert into StarsIn values (224, 1223, 'Marge Gunderson');
Insert into Movie values (225, 'The English Patient', 1996);
Insert into MovieStar values (1224, 'Juliette Binoche', 'female');
Insert into StarsIn values (225, 1224, 'Hana');
Insert into Movie values (226, 'As Good as It Gets', 1997);
Insert into StarsIn values (226, 1152, 'Melvin Udall');
Insert into Movie values (227, 'Good Will Hunting', 1997);
Insert into MovieStar values (1225, 'Robin Williams', 'male');
Insert into StarsIn values (227, 1225, 'Sean McGuire');
Insert into MovieStar values (1226, 'Helen Hunt', 'female');
Insert into StarsIn values (226, 1226, 'Carol Connelly');
Insert into Movie values (228, 'L.A. Confidential', 1997);
Insert into MovieStar values (1227, 'Kim Basinger', 'female');
Insert into StarsIn values (228, 1227, 'Lynn Bracken');
Insert into Movie values (229, 'Life Is Beautiful', 1998);
Insert into MovieStar values (1228, 'Roberto Benigni', 'male');
Insert into StarsIn values (229, 1228, 'Guido');
Insert into Movie values (230, 'Affliction', 1998);
Insert into MovieStar values (1229, 'James Coburn', 'male');
Insert into StarsIn values (230, 1229, 'Glen Whitehouse');
Insert into Movie values (231, 'Shakespeare in Love', 1998);
Insert into MovieStar values (1230, 'Gwyneth Paltrow', 'female');
Insert into StarsIn values (231, 1230, 'Viola De Lesseps');
Insert into MovieStar values (1231, 'Judi Dench', 'female');
Insert into StarsIn values (231, 1231, 'Queen Elizabeth I');
Insert into Movie values (232, 'American Beauty', 1999);
Insert into StarsIn values (232, 1218, 'Lester Burnham');
Insert into Movie values (233, 'The Cider House Rules', 1999);
Insert into StarsIn values (233, 1188, 'Dr. Wilbur Larch');
Insert into Movie values (234, 'Boys Don''t Cry', 1999);
Insert into MovieStar values (1232, 'Hilary Swank', 'female');
Insert into StarsIn values (234, 1232, 'Brandon Teena/Teena Brandon');
Insert into Movie values (235, 'Girl, Interrupted', 1999);
Insert into MovieStar values (1233, 'Angelina Jolie', 'female');
Insert into StarsIn values (235, 1233, 'Lisa Rowe');
Insert into Movie values (236, 'Gladiator', 2000);
Insert into MovieStar values (1234, 'Russell Crowe', 'male');
Insert into StarsIn values (236, 1234, 'Maximus Decimus Meridius');
Insert into Movie values (237, 'Traffic', 2000);
Insert into MovieStar values (1235, 'Benicio Del Toro', 'male');
Insert into StarsIn values (237, 1235, 'Javier Rodriguez');
Insert into Movie values (238, 'Erin Brockovich', 2000);
Insert into MovieStar values (1236, 'Julia Roberts', 'female');
Insert into StarsIn values (238, 1236, 'Erin Brockovich');
Insert into Movie values (239, 'Pollock', 2000);
Insert into MovieStar values (1237, 'Marcia Gay Harden', 'female');
Insert into StarsIn values (239, 1237, 'Lee Krasner');
Insert into Movie values (240, 'Training Day', 2001);
Insert into StarsIn values (240, 1199, 'Alonzo');
Insert into Movie values (241, 'Iris', 2001);
Insert into MovieStar values (1238, 'Jim Broadbent', 'male');
Insert into StarsIn values (241, 1238, 'John Bayley');
Insert into Movie values (242, 'Monster''s Ball', 2001);
Insert into MovieStar values (1239, 'Halle Berry', 'female');
Insert into StarsIn values (242, 1239, 'Leticia Musgrove');
Insert into Movie values (243, 'A Beautiful Mind', 2001);
Insert into MovieStar values (1240, 'Jennifer Connelly', 'female');
Insert into StarsIn values (243, 1240, 'Alicia Nash');
Insert into Movie values (244, 'The Pianist', 2002);
Insert into MovieStar values (1241, 'Adrien Brody', 'male');
Insert into StarsIn values (244, 1241, 'Wladyslaw Szpilman');
Insert into Movie values (245, 'Adaptation', 2002);
Insert into MovieStar values (1242, 'Chris Cooper', 'male');
Insert into StarsIn values (245, 1242, 'John Laroche');
Insert into Movie values (246, 'The Hours', 2002);
Insert into MovieStar values (1243, 'Nicole Kidman', 'female');
Insert into StarsIn values (246, 1243, 'Virginia Woolf');
Insert into Movie values (247, 'Chicago', 2002);
Insert into MovieStar values (1244, 'Catherine Zeta-Jones', 'female');
Insert into StarsIn values (247, 1244, 'Velma Kelly');
Insert into Movie values (248, 'Mystic River', 2003);
Insert into MovieStar values (1245, 'Sean Penn', 'male');
Insert into StarsIn values (248, 1245, 'Jimmy Markum');
Insert into MovieStar values (1246, 'Tim Robbins', 'male');
Insert into StarsIn values (248, 1246, 'Dave Boyle');
Insert into Movie values (249, 'Monster', 2003);
Insert into MovieStar values (1247, 'Charlize Theron', 'female');
Insert into StarsIn values (249, 1247, 'Aileen Wuornos');
Insert into Movie values (250, 'Cold Mountain', 2003);
Insert into MovieStar values (1248, 'Renée Zellweger', 'female');
Insert into StarsIn values (250, 1248, 'Ruby Thewes');
Insert into Movie values (251, 'Ray', 2004);
Insert into MovieStar values (1249, 'Jamie Foxx', 'male');
Insert into StarsIn values (251, 1249, 'Ray Charles');
Insert into Movie values (252, 'Million Dollar Baby', 2004);
Insert into MovieStar values (1250, 'Morgan Freeman', 'male');
Insert into StarsIn values (252, 1250, 'Eddie Scrap-Iron Dupris');
Insert into StarsIn values (252, 1232, 'Maggie Fitzgerald');
Insert into Movie values (253, 'The Aviator', 2004);
Insert into MovieStar values (1251, 'Cate Blanchett', 'female');
Insert into StarsIn values (253, 1251, 'Katharine Hepburn');
Insert into Movie values (254, 'Capote', 2005);
Insert into MovieStar values (1252, 'Philip Seymour Hoffman', 'male');
Insert into StarsIn values (254, 1252, 'Truman Capote');
Insert into Movie values (255, 'Syriana', 2005);
Insert into MovieStar values (1253, 'George Clooney', 'male');
Insert into StarsIn values (255, 1253, 'Bob Barnes');
Insert into Movie values (256, 'Walk the Line', 2005);
Insert into MovieStar values (1254, 'Reese Witherspoon', 'female');
Insert into StarsIn values (256, 1254, 'June Carter');
Insert into Movie values (257, 'The Constant Gardener', 2005);
Insert into MovieStar values (1255, 'Rachel Weisz', 'female');
Insert into StarsIn values (257, 1255, 'Tessa Quayle');
Insert into Movie values (258, 'The Last King of Scotland', 2006);
Insert into MovieStar values (1256, 'Forest Whitaker', 'male');
Insert into StarsIn values (258, 1256, 'Idi Amin');
Insert into Movie values (259, 'Little Miss Sunshine', 2006);
Insert into MovieStar values (1257, 'Alan Arkin', 'male');
Insert into StarsIn values (259, 1257, 'Grandpa');
Insert into Movie values (260, 'The Queen', 2006);
Insert into MovieStar values (1258, 'Helen Mirren', 'female');
Insert into StarsIn values (260, 1258, 'The Queen');
Insert into Movie values (261, 'Dreamgirls', 2006);
Insert into MovieStar values (1259, 'Jennifer Hudson', 'female');
Insert into StarsIn values (261, 1259, 'Effie White');
Insert into Movie values (262, 'There Will Be Blood', 2007);
Insert into MovieStar values (1260, 'Daniel Day-Lewis', 'male');
Insert into StarsIn values (262, 1260, 'Daniel Plainview');
Insert into Movie values (263, 'No Country for Old Men', 2007);
Insert into MovieStar values (1261, 'Javier Bardem', 'male');
Insert into StarsIn values (263, 1261, 'Anton Chigurh');
Insert into Movie values (264, 'La Vie en Rose', 2007);
Insert into MovieStar values (1262, 'Marion Cotillard', 'female');
Insert into StarsIn values (264, 1262, 'Edith Piaf');
Insert into Movie values (265, 'Michael Clayton', 2007);
Insert into MovieStar values (1263, 'Tilda Swinton', 'female');
Insert into StarsIn values (265, 1263, 'Karen Crowder');
Insert into Movie values (266, 'Milk', 2008);
Insert into StarsIn values (266, 1245, 'Harvey Milk');
Insert into Movie values (267, 'The Dark Knight', 2008);
Insert into MovieStar values (1264, 'Heath Ledger', 'male');
Insert into StarsIn values (267, 1264, 'Joker');
Insert into Movie values (268, 'The Reader', 2008);
Insert into MovieStar values (1265, 'Kate Winslet', 'female');
Insert into StarsIn values (268, 1265, 'Hanna Schmitz');
Insert into Movie values (269, 'Vicky Cristina Barcelona', 2008);
Insert into MovieStar values (1266, 'Penelope Cruz', 'female');
Insert into StarsIn values (269, 1266, 'Maria Elena');
Insert into Movie values (270, 'Crazy Heart', 2009);
Insert into MovieStar values (1267, 'Jeff Bridges', 'male');
Insert into StarsIn values (270, 1267, 'Bad Blake');
Insert into Movie values (271, 'Inglourious Basterds', 2009);
Insert into MovieStar values (1268, 'Christoph Waltz', 'male');
Insert into StarsIn values (271, 1268, 'Col. Hans Landa');
Insert into Movie values (272, 'The Blind Side', 2009);
Insert into MovieStar values (1269, 'Sandra Bullock', 'female');
Insert into StarsIn values (272, 1269, 'Leigh Anne Tuohy');
Insert into Movie values (273, 'Precious: Based on the Novel ''Push'' by Sapphire', 2009);
Insert into MovieStar values (1270, 'Mo''Nique', 'female');
Insert into StarsIn values (273, 1270, 'Mary');
Insert into Movie values (274, 'The King''s Speech', 2010);
Insert into MovieStar values (1271, 'Colin Firth', 'male');
Insert into StarsIn values (274, 1271, 'King George VI');
Insert into Movie values (275, 'The Fighter', 2010);
Insert into MovieStar values (1272, 'Christian Bale', 'male');
Insert into StarsIn values (275, 1272, 'Dicky Eklund');
Insert into Movie values (276, 'Black Swan', 2010);
Insert into MovieStar values (1273, 'Natalie Portman', 'female');
Insert into StarsIn values (276, 1273, 'Nina Sayers/The Swan Queen');
Insert into MovieStar values (1274, 'Melissa Leo', 'female');
Insert into StarsIn values (275, 1274, 'Alice Ward');
